Date,"Total Users","Full Members",Guests,"Daily Active Users","Daily Users Posting Messages","Weekly Active Users","Weekly Users Posting Messages","Messages in Public Channels","Messages in Private Channels","Messages in Shared Channels","Messages in DMs","% of Messages Posted in Public Channels","% of Messages Posted in Private Channels","% of Messages Posted in DMs","% of Messages Read in Public Channels","% of Messages Read in Private Channels","% of Messages Read in DMs",Name,"Public Workspace Channels","Messages Posted"
2017-01-13,7,7,0,6,6,6,6,7,0,0,25,0.2188,0,0.7813,0.5882,0,0.4118,0,5,87
2017-01-14,7,7,0,0,0,6,6,0,0,0,0,0,0,0,0,0,0,0,5,87
2017-01-15,7,7,0,1,0,6,6,0,0,0,0,0,0,0,1,0,0,0,5,87
2017-01-16,13,13,0,12,10,13,12,15,0,0,137,0.0987,0,0.9013,0.3131,0,0.6869,0,6,298
2017-01-17,13,13,0,8,5,13,12,3,0,0,38,0.0732,0,0.9268,0.2727,0,0.7273,0,6,347
2017-01-18,14,14,0,11,7,14,14,22,0,0,59,0.2716,0,0.7284,0.5217,0,0.4783,0,8,447
2017-01-19,14,14,0,8,6,14,14,13,0,0,7,0.65,0,0.35,0.863,0,0.137,0,8,475
2017-01-20,14,14,0,11,8,13,13,15,0,0,114,0.1163,0,0.8837,0.2922,0,0.7078,0,8,607
2017-01-21,14,14,0,2,0,13,13,0,0,0,0,0,0,0,1,0,0,0,8,607
2017-01-22,14,14,0,1,2,13,13,0,0,0,2,0,0,1,0.5,0,0.5,0,8,609
2017-01-23,14,14,0,8,5,12,12,3,0,0,23,0.1154,0,0.8846,0.4,0,0.6,0,8,635
2017-01-24,14,14,0,10,8,13,13,16,0,0,84,0.16,0,0.84,0.4274,0,0.5726,0,8,739
2017-01-25,14,14,0,12,9,13,13,26,0,0,14,0.65,0,0.35,0.8322,0,0.1678,0,8,781
2017-01-26,14,14,0,11,8,13,13,14,0,0,31,0.3111,0,0.6889,0.5678,0,0.4322,0,8,818
2017-01-27,14,14,0,11,7,13,13,2,0,0,12,0.1429,0,0.8571,0.614,0,0.386,0,8,838
2017-01-28,14,14,0,4,3,13,13,2,0,0,16,0.1111,0,0.8889,0.1875,0,0.8125,0,8,856
2017-01-29,14,14,0,4,3,13,13,0,0,0,9,0,0,1,0.1579,0,0.8421,0,8,865
2017-01-30,14,14,0,12,8,13,13,49,0,0,153,0.2426,0,0.7574,0.261,0,0.739,0,9,1034
2017-01-31,14,14,0,14,11,14,14,36,0,0,292,0.1098,0,0.8902,0.1953,0,0.8047,0,10,1368
2017-02-01,14,14,0,12,10,14,14,40,0,0,88,0.3125,0,0.6875,0.4659,0,0.5341,0,10,1503
2017-02-02,14,14,0,14,11,14,14,37,0,0,19,0.6607,0,0.3393,0.8241,0,0.1759,0,10,1559
2017-02-03,14,14,0,14,10,14,14,13,0,0,176,0.0688,0,0.9312,0.1977,0,0.8023,0,10,1750
2017-02-04,14,14,0,5,3,14,14,6,0,0,2,0.75,0,0.25,0.75,0,0.25,0,10,1758
2017-02-05,14,14,0,0,0,14,14,0,0,0,0,0,0,0,0,0,0,0,10,1758
2017-02-06,14,14,0,11,6,14,14,6,0,0,24,0.2,0,0.8,0.3582,0,0.6418,0,11,1798
2017-02-07,14,14,0,11,10,14,14,28,0,0,41,0.4058,0,0.5942,0.6827,0,0.3173,0,11,1870
2017-02-08,14,14,0,13,8,14,14,10,0,0,15,0.4,0,0.6,0.7639,0,0.2361,0,12,1897
2017-02-09,14,14,0,13,6,14,13,16,0,0,7,0.6957,0,0.3043,0.9,0,0.1,0,12,1930
2017-02-10,14,14,0,12,5,14,13,4,0,0,283,0.0139,0,0.9861,0.1086,0,0.8914,0,12,2221
2017-02-11,14,14,0,5,1,14,13,1,0,0,0,1,0,0,1,0,0,0,12,2222
2017-02-12,14,14,0,6,3,14,13,1,0,0,11,0.0833,0,0.9167,0.1622,0,0.8378,0,12,2234
2017-02-13,14,14,0,10,6,14,13,9,0,0,23,0.2813,0,0.7188,0.5185,0,0.4815,0,12,2267
2017-02-14,14,14,0,14,6,14,13,7,0,0,29,0.1944,0,0.8056,0.5854,0,0.4146,0,12,2307
2017-02-15,14,14,0,12,4,14,12,19,0,0,2,0.9048,0,0.0952,0.8649,0,0.1351,0,12,2338
2017-02-16,14,14,0,10,7,14,12,93,0,0,89,0.511,0,0.489,0.643,0,0.357,0,12,2532
2017-02-17,14,14,0,11,5,14,12,3,0,0,70,0.0411,0,0.9589,0.1871,0,0.8129,0,12,2613
2017-02-18,14,14,0,2,0,14,11,0,0,0,0,0,0,0,1,0,0,0,12,2613
2017-02-19,14,14,0,4,3,14,11,30,0,0,0,1,0,0,1,0,0,0,12,2637
2017-02-20,14,14,0,13,7,14,12,9,0,0,46,0.1636,0,0.8364,0.4677,0,0.5323,0,12,2696
2017-02-21,14,14,0,13,12,14,14,20,0,0,280,0.0667,0,0.9333,0.1807,0,0.8193,0,12,3004
2017-02-22,14,14,0,13,7,14,14,17,0,0,8,0.68,0,0.32,0.8554,0,0.1446,0,13,3039
2017-02-23,14,14,0,12,7,14,13,5,0,0,170,0.0286,0,0.9714,0.1171,0,0.8829,0,13,3217
2017-02-24,14,14,0,13,9,14,13,9,0,0,16,0.36,0,0.64,0.7129,0,0.2871,0,13,3248
2017-02-25,14,14,0,2,0,14,13,0,0,0,0,0,0,0,1,0,0,0,13,3248
2017-02-26,14,14,0,1,0,14,13,0,0,0,0,0,0,0,1,0,0,0,13,3248
2017-02-27,14,14,0,12,6,14,13,3,0,0,37,0.075,0,0.925,0.3978,0,0.6022,0,13,3292
2017-02-28,14,14,0,10,6,14,12,5,0,0,19,0.2083,0,0.7917,0.4068,0,0.5932,0,13,3319
2017-03-01,14,14,0,10,6,14,11,17,0,0,17,0.5,0,0.5,0.6505,0,0.3495,0,13,3358
2017-03-02,14,14,0,10,2,14,11,4,0,0,0,1,0,0,0.9722,0,0.0278,0,14,3380
2017-03-03,14,14,0,11,3,13,8,6,0,0,42,0.125,0,0.875,0.23,0,0.77,0,16,3437
2017-03-04,14,14,0,1,0,13,8,0,0,0,0,0,0,0,1,0,0,0,16,3437
2017-03-05,14,14,0,2,0,13,8,0,0,0,0,0,0,0,0.5,0,0.5,0,16,3437
2017-03-06,14,14,0,12,11,13,11,38,0,0,91,0.2946,0,0.7054,0.5123,0,0.4877,0,16,3566
2017-03-07,14,14,0,12,6,13,11,6,0,0,38,0.1364,0,0.8636,0.3942,0,0.6058,0,16,3613
2017-03-08,14,14,0,14,8,14,12,39,0,0,202,0.1618,0,0.8382,0.3536,0,0.6464,0,16,3859
2017-03-09,14,14,0,13,8,14,12,25,0,0,103,0.1953,0,0.8047,0.4205,0,0.5795,0,16,3990
2017-03-10,14,14,0,10,3,14,12,11,0,0,21,0.3438,0,0.6563,0.6105,0,0.3895,0,16,4028
2017-03-11,14,14,0,3,2,14,12,2,0,0,0,1,0,0,1,0,0,0,16,4031
2017-03-12,14,14,0,4,1,14,12,5,0,0,0,1,0,0,1,0,0,0,16,4037
2017-03-13,14,14,0,11,9,14,12,13,0,0,109,0.1066,0,0.8934,0.2275,0,0.7725,0,17,4165
2017-03-14,14,14,0,11,10,14,12,4,0,0,85,0.0449,0,0.9551,0.1135,0,0.8865,0,17,4258
2017-03-15,14,14,0,9,7,14,11,18,0,0,12,0.6,0,0.4,0.7656,0,0.2344,0,18,4304
2017-03-16,14,14,0,12,10,14,11,81,0,0,21,0.7941,0,0.2059,0.838,0,0.162,0,18,4416
2017-03-17,14,14,0,11,9,13,11,111,0,0,128,0.4644,0,0.5356,0.618,0,0.382,0,18,4661
2017-03-18,14,14,0,0,0,13,11,0,0,0,0,0,0,0,0,0,0,0,18,4661
2017-03-19,14,14,0,5,2,13,11,1,0,0,3,0.25,0,0.75,0.5455,0,0.4545,0,18,4665
2017-03-20,14,14,0,13,9,14,11,39,0,0,52,0.4286,0,0.5714,0.6831,0,0.3169,0,18,4759
2017-03-21,14,14,0,13,8,14,10,40,0,0,138,0.2247,0,0.7753,0.37,0,0.63,0,18,4944
2017-03-22,14,14,0,12,8,13,11,20,0,0,390,0.0488,0,0.9512,0.1276,0,0.8724,0,19,5369
2017-03-23,14,14,0,12,11,13,13,26,0,0,36,0.4194,0,0.5806,0.7062,0,0.2938,0,20,5446
2017-03-24,14,14,0,10,7,13,13,20,0,0,5,0.8,0,0.2,0.8816,0,0.1184,0,20,5475
2017-03-25,14,14,0,7,1,13,13,2,0,0,0,1,0,0,1,0,0,0,20,5477
2017-03-26,14,14,0,5,3,13,13,8,0,0,3,0.7273,0,0.2727,0.75,0,0.25,0,20,5489
2017-03-27,14,14,0,12,9,13,13,29,0,0,76,0.2762,0,0.7238,0.3707,0,0.6293,0,20,5601
2017-03-28,14,14,0,11,6,12,12,42,0,0,112,0.2727,0,0.7273,0.4105,0,0.5895,0,20,5759
2017-03-29,14,14,0,12,10,12,12,67,0,0,70,0.4891,0,0.5109,0.6816,0,0.3184,0,20,5901
2017-03-30,14,14,0,11,5,12,12,9,0,0,8,0.5294,0,0.4706,0.7167,0,0.2833,0,20,5921
2017-03-31,14,14,0,12,8,12,12,41,0,0,21,0.6613,0,0.3387,0.8325,0,0.1675,0,21,6002
2017-04-01,14,14,0,5,4,12,12,6,0,0,0,1,0,0,1,0,0,0,21,6008
2017-04-02,14,14,0,0,0,12,12,0,0,0,0,0,0,0,0,0,0,0,21,6008
2017-04-03,14,14,0,12,8,12,12,21,0,0,56,0.2727,0,0.7273,0.5777,0,0.4223,0,21,6086
2017-04-04,14,14,0,11,8,12,12,43,0,0,61,0.4135,0,0.5865,0.5843,0,0.4157,0,21,6195
2017-04-05,14,14,0,10,8,12,12,28,0,0,5,0.8485,0,0.1515,0.9073,0,0.0927,0,21,6236
2017-04-06,14,14,0,10,7,12,12,15,0,0,201,0.0694,0,0.9306,0.1719,0,0.8281,0,21,6463
2017-04-07,14,14,0,12,7,13,12,17,0,0,79,0.1771,0,0.8229,0.406,0,0.594,0,21,6565
2017-04-08,14,14,0,1,0,13,11,0,0,0,0,0,0,0,1,0,0,0,21,6565
2017-04-09,14,14,0,3,1,13,11,0,0,0,1,0,0,1,0.7778,0,0.2222,0,21,6566
2017-04-10,14,14,0,10,5,13,11,7,0,0,15,0.3182,0,0.6818,0.6143,0,0.3857,0,21,6585
2017-04-11,14,14,0,11,5,14,12,6,0,0,51,0.1053,0,0.8947,0.3446,0,0.6554,0,21,6644
2017-04-12,14,14,0,9,8,14,12,6,0,0,31,0.1622,0,0.8378,0.4222,0,0.5778,0,21,6681
2017-04-13,14,14,0,10,7,14,11,8,0,0,14,0.3636,0,0.6364,0.7195,0,0.2805,0,21,6709
2017-04-14,14,14,0,11,8,12,11,1,0,0,36,0.027,0,0.973,0.2588,0,0.7412,0,22,6750
2017-04-15,14,14,0,1,0,12,11,0,0,0,0,0,0,0,1,0,0,0,22,6750
2017-04-16,14,14,0,0,0,12,10,0,0,0,0,0,0,0,0,0,0,0,22,6750
2017-04-17,14,14,0,4,1,12,10,3,0,0,0,1,0,0,1,0,0,0,22,6752
2017-04-18,14,14,0,13,9,13,11,44,0,0,110,0.2857,0,0.7143,0.4743,0,0.5257,0,22,6912
2017-04-19,14,14,0,13,9,13,11,14,0,0,211,0.0622,0,0.9378,0.1786,0,0.8214,0,22,7141
2017-04-20,14,14,0,12,9,13,11,6,0,0,51,0.1053,0,0.8947,0.2735,0,0.7265,0,22,7201
2017-04-21,14,14,0,11,5,13,12,23,0,0,30,0.434,0,0.566,0.6148,0,0.3852,0,22,7256
2017-04-22,14,14,0,3,1,13,13,0,0,0,1,0,0,1,1,0,0,0,22,7257
2017-04-23,14,14,0,1,0,13,13,0,0,0,0,0,0,0,0,0,1,0,22,7257
2017-04-24,14,14,0,13,10,13,13,8,0,0,116,0.0645,0,0.9355,0.2428,0,0.7572,0,22,7389
2017-04-25,14,14,0,13,11,13,12,50,0,0,215,0.1887,0,0.8113,0.4146,0,0.5854,0,22,7663
2017-04-26,14,14,0,13,12,13,13,34,0,0,263,0.1145,0,0.8855,0.2723,0,0.7277,0,23,7983
2017-04-27,14,14,0,14,11,14,13,14,0,0,73,0.1609,0,0.8391,0.5181,0,0.4819,0,23,8077
2017-04-28,14,14,0,14,9,14,13,10,0,0,13,0.4348,0,0.5652,0.7523,0,0.2477,0,23,8103
2017-04-29,14,14,0,1,0,14,13,0,0,0,0,0,0,0,1,0,0,0,23,8103
2017-04-30,14,14,0,1,0,14,13,0,0,0,0,0,0,0,1,0,0,0,23,8103
2017-05-01,14,14,0,2,0,14,13,0,0,0,0,0,0,0,1,0,0,0,23,8103
2017-05-02,14,14,0,14,12,14,14,32,0,0,96,0.25,0,0.75,0.4763,0,0.5237,0,23,8242
2017-05-03,14,14,0,14,10,14,13,24,0,0,209,0.103,0,0.897,0.3055,0,0.6945,0,23,8483
2017-05-04,14,14,0,12,4,14,12,4,0,0,29,0.1212,0,0.8788,0.3857,0,0.6143,0,23,8520
2017-05-05,14,14,0,13,11,14,13,24,0,0,176,0.12,0,0.88,0.3118,0,0.6882,0,23,8727
2017-05-06,14,14,0,4,3,14,13,2,0,0,1,0.6667,0,0.3333,0.5,0,0.5,0,23,8733
2017-05-07,14,14,0,6,1,14,13,4,0,0,0,1,0,0,1,0,0,0,23,8737
2017-05-08,14,14,0,12,10,14,13,24,0,0,91,0.2087,0,0.7913,0.4906,0,0.5094,0,23,8853
2017-05-09,14,14,0,12,8,14,12,60,0,0,106,0.3614,0,0.6386,0.6282,0,0.3718,0,24,9023
2017-05-10,14,14,0,12,11,14,13,38,0,0,136,0.2184,0,0.7816,0.5028,0,0.4972,0,24,9204
2017-05-11,14,14,0,11,9,14,13,34,0,0,111,0.2345,0,0.7655,0.4892,0,0.5108,0,24,9354
2017-05-12,14,14,0,12,9,13,12,37,0,0,23,0.6167,0,0.3833,0.7857,0,0.2143,0,24,9416
2017-05-13,14,14,0,6,1,13,12,1,0,0,0,1,0,0,0.9231,0,0.0769,0,24,9417
2017-05-14,14,14,0,1,0,13,12,0,0,0,0,0,0,0,1,0,0,0,24,9417
2017-05-15,14,14,0,12,11,13,13,54,0,0,139,0.2798,0,0.7202,0.4831,0,0.5169,0,24,9613
2017-05-16,14,14,0,12,11,13,13,34,0,0,79,0.3009,0,0.6991,0.5479,0,0.4521,0,24,9728
2017-05-17,14,14,0,12,10,13,12,12,0,0,166,0.0674,0,0.9326,0.1933,0,0.8067,0,24,9908
2017-05-18,14,14,0,12,11,13,12,27,0,0,213,0.1125,0,0.8875,0.2284,0,0.7716,0,24,10156
2017-05-19,14,14,0,12,10,13,12,3,0,0,73,0.0395,0,0.9605,0.14,0,0.86,0,24,10233
2017-05-20,14,14,0,4,2,13,12,7,0,0,0,1,0,0,0.9333,0,0.0667,0,24,10240
2017-05-21,14,14,0,3,1,14,13,2,0,0,0,1,0,0,0.8824,0,0.1176,0,24,10242
2017-05-22,14,14,0,14,13,14,14,20,0,0,166,0.1075,0,0.8925,0.3374,0,0.6626,0,24,10434
2017-05-23,14,14,0,14,9,14,14,15,0,0,194,0.0718,0,0.9282,0.2677,0,0.7323,0,24,10646
2017-05-24,14,14,0,12,11,14,14,30,0,0,51,0.3704,0,0.6296,0.5517,0,0.4483,0,24,10749
2017-05-25,14,14,0,5,2,14,14,0,0,0,5,0,0,1,0.55,0,0.45,0,24,10756
2017-05-26,14,14,0,4,3,14,14,7,0,0,0,1,0,0,1,0,0,0,24,10763
2017-05-27,14,14,0,3,0,14,14,0,0,0,0,0,0,0,1,0,0,0,24,10763
2017-05-28,14,14,0,4,3,14,14,2,0,0,15,0.1176,0,0.8824,0.2,0,0.8,0,24,10780
2017-05-29,14,14,0,14,11,14,12,24,0,0,213,0.1013,0,0.8987,0.2921,0,0.7079,0,24,11023
2017-05-30,14,14,0,11,6,14,12,17,0,0,74,0.1868,0,0.8132,0.3822,0,0.6178,0,24,11124
2017-05-31,14,14,0,13,12,14,13,20,0,0,181,0.0995,0,0.9005,0.3311,0,0.6689,0,24,11338
2017-06-01,14,14,0,13,12,14,14,72,0,0,689,0.0946,0,0.9054,0.2337,0,0.7663,0,24,12123
2017-06-02,14,14,0,12,9,14,14,39,0,0,103,0.2746,0,0.7254,0.5342,0,0.4658,0,24,12270
2017-06-03,14,14,0,8,1,14,14,2,0,0,0,1,0,0,0.9231,0,0.0769,0,24,12272
2017-06-04,14,14,0,7,1,14,14,4,0,0,2,0.6667,0,0.3333,0.875,0,0.125,0,24,12280
2017-06-05,14,14,0,5,0,13,13,0,0,0,0,0,0,0,1,0,0,0,24,12280
2017-06-06,14,14,0,13,9,13,13,23,0,0,70,0.2473,0,0.7527,0.4557,0,0.5443,0,24,12376
2017-06-07,14,14,0,12,9,13,13,14,0,0,343,0.0392,0,0.9608,0.0886,0,0.9114,0,24,12738
2017-06-08,14,14,0,13,8,13,12,10,0,0,44,0.1852,0,0.8148,0.5097,0,0.4903,0,24,12795
2017-06-09,14,14,0,11,8,13,12,27,0,0,100,0.2126,0,0.7874,0.405,0,0.595,0,24,12925
2017-06-10,14,14,0,4,3,13,12,0,0,0,14,0,0,1,0.0385,0,0.9615,0,24,12939
2017-06-11,14,14,0,3,3,13,12,0,0,0,26,0,0,1,0,0,1,0,24,12965
2017-06-12,14,14,0,12,11,14,14,50,0,0,95,0.3448,0,0.6552,0.5464,0,0.4536,0,24,13123
2017-06-13,14,14,0,13,11,14,13,49,0,0,190,0.205,0,0.795,0.5049,0,0.4951,0,24,13367
2017-06-14,14,14,0,14,11,14,14,11,0,0,70,0.1358,0,0.8642,0.498,0,0.502,0,24,13458
2017-06-15,14,14,0,13,13,14,14,5,0,0,266,0.0185,0,0.9815,0.1059,0,0.8941,0,24,13734
2017-06-16,14,14,0,14,11,14,14,16,0,0,147,0.0982,0,0.9018,0.291,0,0.709,0,24,13911
2017-06-17,14,14,0,1,0,14,14,0,0,0,0,0,0,0,0,0,1,0,24,13911
2017-06-18,14,14,0,0,0,14,14,0,0,0,0,0,0,0,0,0,0,0,24,13911
2017-06-19,15,15,0,14,11,15,15,29,0,0,100,0.2248,0,0.7752,0.5015,0,0.4985,0,24,14056
2017-06-20,15,15,0,15,13,15,15,20,0,0,161,0.1105,0,0.8895,0.2992,0,0.7008,0,24,14244
2017-06-21,15,15,0,14,11,15,15,32,0,0,66,0.3265,0,0.6735,0.6082,0,0.3918,0,24,14342
2017-06-22,15,15,0,14,8,15,15,15,0,0,40,0.2727,0,0.7273,0.6121,0,0.3879,0,24,14402
2017-06-23,15,15,0,12,10,15,15,15,0,0,32,0.3191,0,0.6809,0.6233,0,0.3767,0,24,14452
2017-06-24,15,15,0,7,1,15,15,2,0,0,0,1,0,0,0.9167,0,0.0833,0,24,14454
2017-06-25,15,15,0,4,1,15,15,0,0,0,1,0,0,1,0.6667,0,0.3333,0,24,14455
2017-06-26,15,15,0,13,10,15,15,44,0,0,40,0.5238,0,0.4762,0.7521,0,0.2479,0,24,14550
2017-06-27,15,15,0,12,10,14,13,9,0,0,113,0.0738,0,0.9262,0.2973,0,0.7027,0,24,14677
2017-06-28,15,15,0,13,11,14,13,28,0,0,79,0.2617,0,0.7383,0.4961,0,0.5039,0,24,14785
2017-06-29,15,15,0,12,8,13,13,12,0,0,62,0.1622,0,0.8378,0.4233,0,0.5767,0,24,14865
2017-06-30,15,15,0,13,11,13,13,16,0,0,67,0.1928,0,0.8072,0.4824,0,0.5176,0,24,14949
2017-07-01,15,15,0,1,1,13,13,1,0,0,1,0.5,0,0.5,0.6667,0,0.3333,0,24,14951
2017-07-02,15,15,0,1,0,13,13,0,0,0,0,0,0,0,1,0,0,0,24,14951
2017-07-03,15,15,0,13,10,13,13,17,0,0,43,0.2833,0,0.7167,0.593,0,0.407,0,24,15016
2017-07-04,15,15,0,14,10,14,14,33,0,0,22,0.6,0,0.4,0.7927,0,0.2073,0,24,15071
2017-07-05,15,15,0,15,15,15,15,44,0,0,92,0.3235,0,0.6765,0.6041,0,0.3959,0,24,15211
2017-07-06,15,15,0,14,10,15,15,32,0,0,255,0.1115,0,0.8885,0.2862,0,0.7138,0,24,15509
2017-07-07,15,15,0,14,10,15,15,16,0,0,37,0.3019,0,0.6981,0.5182,0,0.4818,0,24,15570
2017-07-08,15,15,0,8,1,15,15,4,0,0,0,1,0,0,1,0,0,0,24,15574
2017-07-09,15,15,0,9,1,15,15,2,0,0,0,1,0,0,1,0,0,0,24,15576
2017-07-10,15,15,0,5,4,15,15,0,0,0,16,0,0,1,0.0714,0,0.9286,0,24,15593
2017-07-11,15,15,0,1,0,15,15,0,0,0,0,0,0,0,0,0,1,0,24,15593
2017-07-12,15,15,0,13,13,14,14,47,0,0,77,0.379,0,0.621,0.6569,0,0.3431,0,24,15729
2017-07-13,15,15,0,15,11,15,14,1,0,0,77,0.0128,0,0.9872,0.3054,0,0.6946,0,24,15815
2017-07-14,15,15,0,14,11,15,14,18,0,0,151,0.1065,0,0.8935,0.2949,0,0.7051,0,24,16002
2017-07-15,15,15,0,0,0,15,14,0,0,0,0,0,0,0,0,0,0,0,24,16002
2017-07-16,15,15,0,1,0,15,14,0,0,0,0,0,0,0,1,0,0,0,24,16002
2017-07-17,15,15,0,11,10,15,14,1,0,0,72,0.0137,0,0.9863,0.0446,0,0.9554,0,24,16093
2017-07-18,15,15,0,14,11,15,15,15,0,0,58,0.2055,0,0.7945,0.4423,0,0.5577,0,24,16173
2017-07-19,15,15,0,15,12,15,15,12,0,0,80,0.1304,0,0.8696,0.3761,0,0.6239,0,24,16271
2017-07-20,15,15,0,14,8,15,14,10,0,0,75,0.1176,0,0.8824,0.3551,0,0.6449,0,24,16361
2017-07-21,15,15,0,3,1,15,13,0,0,0,3,0,0,1,0.25,0,0.75,0,24,16364
2017-07-22,15,15,0,1,0,15,13,0,0,0,0,0,0,0,0,0,1,0,24,16364
2017-07-23,15,15,0,2,2,15,13,0,0,0,6,0,0,1,0,0,1,0,24,16370
2017-07-24,15,15,0,11,9,15,13,1,0,0,162,0.0061,0,0.9939,0.044,0,0.956,0,24,16534
2017-07-25,15,15,0,5,5,15,13,0,0,0,43,0,0,1,0.0125,0,0.9875,0,24,16577
2017-07-26,15,15,0,9,4,15,12,2,0,0,19,0.0952,0,0.9048,0.1695,0,0.8305,0,24,16603
2017-07-27,15,15,0,11,7,13,10,12,0,0,8,0.6,0,0.4,0.7792,0,0.2208,0,24,16629
2017-07-28,15,15,0,10,6,12,11,13,0,0,58,0.1831,0,0.8169,0.3154,0,0.6846,0,24,16703
2017-07-29,15,15,0,8,3,12,11,1,0,0,10,0.0909,0,0.9091,0.3704,0,0.6296,0,24,16716
2017-07-30,15,15,0,5,2,12,12,2,0,0,0,1,0,0,0.8571,0,0.1429,0,24,16718
2017-07-31,15,15,0,12,9,13,12,5,0,0,24,0.1724,0,0.8276,0.4444,0,0.5556,0,24,16753
2017-08-01,15,15,0,12,9,14,12,23,0,0,184,0.1111,0,0.8889,0.2799,0,0.7201,0,24,16968
2017-08-02,15,15,0,10,5,14,12,6,0,0,5,0.5455,0,0.4545,0.7833,0,0.2167,0,24,16981
2017-08-03,15,15,0,10,9,14,12,5,0,0,101,0.0472,0,0.9528,0.1698,0,0.8302,0,24,17094
2017-08-04,15,15,0,10,5,14,12,3,0,0,40,0.0698,0,0.9302,0.3333,0,0.6667,0,25,17156
2017-08-05,15,15,0,4,3,14,12,2,0,0,29,0.0645,0,0.9355,0.087,0,0.913,0,25,17187
2017-08-06,15,15,0,3,0,14,12,0,0,0,0,0,0,0,1,0,0,0,25,17187
2017-08-07,15,15,0,1,0,13,11,0,0,0,0,0,0,0,0.5,0,0.5,0,25,17187
2017-08-08,15,15,0,2,2,12,11,0,0,0,38,0,0,1,0,0,1,0,25,17226
2017-08-09,15,15,0,2,2,12,11,0,0,0,62,0,0,1,0,0,1,0,25,17288
2017-08-10,15,15,0,4,0,10,6,0,0,0,0,0,0,0,1,0,0,0,25,17290
2017-08-11,15,15,0,2,0,7,3,0,0,0,0,0,0,0,1,0,0,0,25,17290
2017-08-12,15,15,0,0,0,7,2,0,0,0,0,0,0,0,0,0,0,0,25,17290
2017-08-13,15,15,0,0,0,7,2,0,0,0,0,0,0,0,0,0,0,0,25,17290
2017-08-14,15,15,0,2,0,8,2,0,0,0,0,0,0,0,1,0,0,0,25,17290
2017-08-15,15,15,0,0,0,8,2,0,0,0,0,0,0,0,0,0,0,0,25,17290
2017-08-16,15,15,0,13,9,13,9,21,0,0,40,0.3443,0,0.6557,0.6316,0,0.3684,0,25,17354
2017-08-17,15,15,0,11,5,14,10,3,0,0,4,0.4286,0,0.5714,0.8364,0,0.1636,0,25,17365
2017-08-18,15,15,0,10,9,14,11,4,0,0,35,0.1026,0,0.8974,0.3229,0,0.6771,0,25,17409
2017-08-19,15,15,0,2,2,14,11,0,0,0,2,0,0,1,0,0,1,0,25,17412
2017-08-20,15,15,0,4,1,14,11,6,0,0,0,1,0,0,1,0,0,0,25,17418
2017-08-21,15,15,0,13,7,15,12,5,0,0,32,0.1351,0,0.8649,0.4643,0,0.5357,0,25,17459
2017-08-22,15,15,0,13,11,15,13,12,0,0,138,0.08,0,0.92,0.2292,0,0.7708,0,25,17615
2017-08-23,15,15,0,14,11,15,14,26,0,0,85,0.2342,0,0.7658,0.35,0,0.65,0,25,17736
2017-08-24,15,15,0,13,13,15,14,38,0,0,77,0.3304,0,0.6696,0.5893,0,0.4107,0,25,17857
2017-08-25,14,14,0,15,15,15,15,21,0,0,145,0.1265,0,0.8735,0.2989,0,0.7011,0,25,18031
2017-08-26,14,14,0,5,2,15,15,1,0,0,7,0.125,0,0.875,0.4615,0,0.5385,0,25,18039
2017-08-27,14,14,0,8,0,15,15,0,0,0,0,0,0,0,0.7778,0,0.2222,0,25,18039
2017-08-28,14,14,0,5,4,15,15,0,0,0,24,0,0,1,0.0698,0,0.9302,0,25,18063
2017-08-29,14,14,0,9,3,15,15,2,0,0,15,0.1176,0,0.8824,0.3243,0,0.6757,0,25,18080
2017-08-30,14,14,0,9,4,15,15,12,0,0,23,0.3429,0,0.6571,0.5,0,0.5,0,25,18115
2017-08-31,14,14,0,11,2,15,15,1,0,0,1,0.5,0,0.5,0.9697,0,0.0303,0,25,18119
2017-09-01,14,14,0,13,13,14,13,25,0,0,75,0.25,0,0.75,0.5185,0,0.4815,0,25,18221
2017-09-02,14,14,0,0,0,14,13,0,0,0,0,0,0,0,0,0,0,0,25,18221
2017-09-03,14,14,0,6,3,14,13,4,0,0,0,1,0,0,1,0,0,0,25,18225
2017-09-04,14,14,0,14,11,14,14,22,0,0,77,0.2222,0,0.7778,0.5018,0,0.4982,0,25,18331
2017-09-05,14,14,0,14,11,14,14,62,0,0,92,0.4026,0,0.5974,0.5831,0,0.4169,0,25,18504
2017-09-06,14,14,0,14,14,14,14,34,0,0,261,0.1153,0,0.8847,0.2577,0,0.7423,0,25,18817
2017-09-07,14,14,0,13,10,14,14,10,0,0,158,0.0595,0,0.9405,0.2479,0,0.7521,0,25,18988
2017-09-08,14,14,0,13,13,14,14,53,0,0,194,0.2146,0,0.7854,0.457,0,0.543,0,25,19240
2017-09-09,14,14,0,3,1,14,14,0,0,0,1,0,0,1,0.1667,0,0.8333,0,25,19241
2017-09-10,14,14,0,1,0,14,14,0,0,0,0,0,0,0,1,0,0,0,25,19241
2017-09-11,14,14,0,14,9,14,14,10,0,0,63,0.137,0,0.863,0.4343,0,0.5657,0,26,19334
2017-09-12,14,14,0,13,13,14,14,46,0,0,155,0.2289,0,0.7711,0.5087,0,0.4913,0,26,19541
2017-09-13,14,14,0,13,11,14,13,16,0,0,278,0.0544,0,0.9456,0.2095,0,0.7905,0,26,19845
2017-09-14,14,14,0,13,12,14,13,41,0,0,238,0.147,0,0.853,0.2943,0,0.7057,0,26,20146
2017-09-15,14,14,0,13,11,14,13,12,0,0,61,0.1644,0,0.8356,0.5282,0,0.4718,0,26,20228
2017-09-16,14,14,0,4,3,14,13,0,0,0,13,0,0,1,0.1429,0,0.8571,0,26,20241
2017-09-17,14,14,0,1,0,14,13,0,0,0,0,0,0,0,1,0,0,0,26,20241
2017-09-18,14,14,0,14,11,14,13,20,0,0,61,0.2469,0,0.7531,0.52,0,0.48,0,26,20331
2017-09-19,14,14,0,13,11,14,13,125,0,0,141,0.4699,0,0.5301,0.639,0,0.361,0,26,20622
2017-09-20,14,14,0,13,12,14,13,54,0,0,71,0.432,0,0.568,0.6709,0,0.3291,0,27,20768
2017-09-21,14,14,0,13,11,14,13,31,0,0,88,0.2605,0,0.7395,0.4938,0,0.5062,0,27,20899
2017-09-22,14,14,0,10,6,14,13,2,0,0,83,0.0235,0,0.9765,0.08,0,0.92,0,27,20987
2017-09-23,14,14,0,0,0,14,13,0,0,0,0,0,0,0,0,0,0,0,27,20987
2017-09-24,14,14,0,0,0,14,13,0,0,0,0,0,0,0,0,0,0,0,27,20987
2017-09-25,14,14,0,13,11,13,13,32,0,0,107,0.2302,0,0.7698,0.5483,0,0.4517,0,27,21135
2017-09-26,14,14,0,14,12,14,14,26,0,0,54,0.325,0,0.675,0.5947,0,0.4053,0,27,21221
2017-09-27,14,14,0,14,13,14,14,10,0,0,266,0.0362,0,0.9638,0.1462,0,0.8538,0,27,21501
2017-09-28,14,14,0,14,10,14,14,11,0,0,73,0.131,0,0.869,0.4076,0,0.5924,0,27,21595
2017-09-29,14,14,0,12,8,14,14,13,0,0,1,0.9286,0,0.0714,0.9718,0,0.0282,0,27,21611
2017-09-30,14,14,0,8,3,14,14,3,0,0,0,1,0,0,1,0,0,0,27,21614
2017-10-01,14,14,0,0,0,14,14,0,0,0,0,0,0,0,0,0,0,0,27,21614
2017-10-02,14,14,0,14,14,14,14,33,0,0,238,0.1218,0,0.8782,0.2281,0,0.7719,0,30,21901
2017-10-03,14,14,0,13,12,14,14,15,0,0,204,0.0685,0,0.9315,0.215,0,0.785,0,30,22125
2017-10-04,14,14,0,13,12,14,14,42,0,0,443,0.0866,0,0.9134,0.1855,0,0.8145,0,29,22643
2017-10-05,14,14,0,14,12,14,14,10,0,0,77,0.1149,0,0.8851,0.4137,0,0.5863,0,29,22738
2017-10-06,14,14,0,13,12,14,14,20,0,0,48,0.2941,0,0.7059,0.4854,0,0.5146,0,30,22821
2017-10-07,14,14,0,5,3,14,14,3,0,0,2,0.6,0,0.4,0.8235,0,0.1765,0,30,22826
2017-10-08,14,14,0,3,1,14,14,0,0,0,1,0,0,1,0.75,0,0.25,0,30,22827
2017-10-09,14,14,0,14,14,14,14,28,0,0,118,0.1918,0,0.8082,0.4583,0,0.5417,0,30,22979
2017-10-10,14,14,0,14,13,14,14,29,0,0,204,0.1245,0,0.8755,0.3051,0,0.6949,0,30,23218
2017-10-11,14,14,0,13,10,14,14,25,0,0,162,0.1337,0,0.8663,0.3256,0,0.6744,0,30,23414
2017-10-12,14,14,0,12,11,14,14,20,0,0,178,0.101,0,0.899,0.2494,0,0.7506,0,30,23627
2017-10-13,14,14,0,13,12,14,14,29,0,0,284,0.0927,0,0.9073,0.2043,0,0.7957,0,30,23959
2017-10-14,14,14,0,3,1,14,14,2,0,0,0,1,0,0,1,0,0,0,31,23963
2017-10-15,14,14,0,6,3,14,14,2,0,0,4,0.3333,0,0.6667,0.6875,0,0.3125,0,31,23973
2017-10-16,14,14,0,13,9,14,14,17,0,0,109,0.1349,0,0.8651,0.3754,0,0.6246,0,31,24107
2017-10-17,14,14,0,12,9,14,14,5,0,0,171,0.0284,0,0.9716,0.1265,0,0.8735,0,31,24294
2017-10-18,14,14,0,12,12,13,13,16,0,0,70,0.186,0,0.814,0.2817,0,0.7183,0,31,24386
2017-10-19,14,14,0,13,10,13,13,16,0,0,34,0.32,0,0.68,0.5385,0,0.4615,0,31,24444
2017-10-20,14,14,0,12,10,13,13,28,0,0,120,0.1892,0,0.8108,0.3735,0,0.6265,0,31,24600
2017-10-21,14,14,0,6,3,13,13,0,0,0,6,0,0,1,0.25,0,0.75,0,31,24606
2017-10-22,14,14,0,9,4,13,13,8,0,0,6,0.5714,0,0.4286,0.7105,0,0.2895,0,31,24621
2017-10-23,14,14,0,12,11,13,13,13,0,0,88,0.1287,0,0.8713,0.3398,0,0.6602,0,31,24729
2017-10-24,14,14,0,12,9,13,13,1,0,0,103,0.0096,0,0.9904,0.119,0,0.881,0,31,24836
